"input_id","input_type","dataset_name","file_name","relative_path","file_format","sheet_or_range_or_table","description_and_role","variables_used","geographic_coverage","age_coverage","sex_coverage","time_coverage","unit_of_observation","source_institution","original_source_publication","source_url","consuming_scripts","consuming_functions","pipeline_stage","update_frequency_or_reference_version","availability_in_repo","processing_notes_assumptions_limitations","manual_confirmation_needed"
"gbd_sbp_relative_risks","raw_file","GBD 2019 relative risks for high systolic blood pressure","IHME_GBD_2019_RELATIVE_RISKS_Y2020M10D15_HTN.xlsx","data/raw/IHME_GBD_2019_RELATIVE_RISKS_Y2020M10D15_HTN.xlsx","xlsx","Sheet1, cell range A3:AB20 (17 risk-outcome rows x 28 columns)","Age-specific relative risk per 10 mmHg higher SBP by cause. Used to distribute each country-age-sex-cause baseline incidence rate across the 8 SBP categories (the alpha normalisation in calculate_baseline_incidence_gbd), i.e. it sets the BP-bin-specific incidence structure on which the sodium effect operates.","Risk-Outcome; age-group RR columns 20-24 years through 95+ years (reshaped to rr_per_10mmhg). Dropped on read: Category / Units; Morbidity / Mortality; Sex; All-age; all age columns below 20-24.","Global (no country dimension; the same RR schedule is applied to every modelled country)","20-95; GBD 5-year groups expanded to single-year ages (20-24 set equal to 25-29)","Both sexes combined (Sex column dropped; single RR schedule used for male and female)","GBD 2019 estimation round; time-invariant in the model","risk-outcome (cause) x age group","Institute for Health Metrics and Evaluation (IHME)","GBD 2019 relative risks release (file stamp Y2020M10D15), high-SBP risk-outcome pairs","NA","code/06_run_scenarios_targets.R (L32-79); code/07_run_interventions.R (L119-166)","readxl::read_excel(); expand_gbd_age(); get_gbd_relative_risks(); expand_to_single_year_ages(); calculate_baseline_incidence_gbd()","06_run_scenarios_targets / 07_run_interventions - Section 1 (RR setup)","GBD relative-risk release (GBD 2019 used here; IHME re-releases per GBD round)","present locally, git-ignored (data/raw/**)","Cell range A3:AB20 is hard-coded, so any change in workbook layout silently mis-parses. RR strings are parsed with a regex that keeps the point estimate and discards the uncertainty interval, so no RR uncertainty enters the model. Only ihd, istroke, hstroke and hhd are retained. RRs are treated as log-linear per 10 mmHg when scaled by 0.1 x sbp_reduction. Note the baseline rates are GBD 2023-derived while these RRs are GBD 2019.","GHDX record / citation URL for the exact release; whether GBD 2019 RRs should be updated to match the GBD 2023 baseline"
"euromonitor_packaged_food_predictions","raw_file","Euromonitor packaged-food consumption trends (RTSL custom extract) - forecast sheet","Euromonitor_trends_RTSL.xlsx","data/raw/Euromonitor_trends_RTSL.xlsx","xlsx","Predictions (2025-2030) [94 rows x 11 cols]. Other sheets present but NOT consumed: README; All observed (2011-2025); Post-COVID (2023-2025)","Annual percent change (APC) in packaged-food consumption by product category and country, 2025-2030. Collapsed to one growth rate g per country (median APC over sodium-relevant leaf categories) and used in 07 to grow each country packaged sodium-source share to its 2030 end state, renormalising the other sources (composition shift only; total intake unchanged).","geography; series_category; apc (used). Present but unused: code; apc_se; apc_lcl; apc_ucl; linear_trend; linear_trend_se; linear_trend_lcl; linear_trend_ucl","10 geographies: Bangladesh, Cameroon, China, Ethiopia, India, Malaysia, Nigeria, Philippines, Thailand, Vietnam","NA (population-level retail/consumption volumes, no age dimension)","NA","2025-2030 forecast (APC); observed history 2011-2025 available on unused sheets","geography x product category","Euromonitor International (extract supplied by Resolve to Save Lives)","Euromonitor Passport packaged-food consumption series, RTSL custom extract","NA","code/03_clean_inputs.R (L24-59); trend consumed downstream in code/07_run_interventions.R (L734-786); reports/report.RMD (L712)","readxl::read_excel(); median APC aggregation writing packaged_food_trends.rds","03_clean_inputs (Task 4a) -> 07_run_interventions (Task 4b)","Euromonitor annual data refresh; category labels verified against the workbook on 2026-07-22","present locally, git-ignored (data/raw/**)","Only 8 hand-picked, non-overlapping, sodium-relevant LEAF categories are kept (Sauces Dips and Condiments; Soup; Ready Meals; Processed Meat Seafood and Alternatives to Meat; Savoury Snacks; Cheese; Baked Goods; Rice Pasta and Noodles). The parent categories Meals and Soups (3.2) and Dairy (4.2) are excluded to avoid double counting. One growth rate per country = median(apc)/100. Retail volume growth is used as a proxy for sodium intake share growth. Geography label Vietnam is mapped to the model location Viet Nam in 07 via the 05 name_map. Countries absent from the extract get I = 1 (no trend), including the default share row.","Licence / redistribution terms for the Euromonitor extract; RTSL sign-off that median APC over these 8 leaf categories is the intended aggregation"
"baseline_transition_rates","processed_file","Calibrated baseline state-transition rates (b_rates)","adjusted_searo_part1.rds ... adjusted_searo_part10.rds (10 files, globbed by pattern 'adjusted')","data/processed/adjusted_searo_part{1..10}.rds","rds (data.table, row-bound across the 10 parts)","NA","The core baseline epidemiologic input: incidence (IR), case fatality (CF), background mortality (BG.mx, BG.mx.all), all-cause mortality (ALL.mx), baseline prevalence (PREVt0), disease mortality at t0 (DIS.mx.t0) and population (Nx) by country, age, sex, year and cause. Assembled into b_rates, which drives the well/sick/dead state-transition model.","age; sex; cause; year; location; IR; CF; BG.mx; BG.mx.all; ALL.mx; PREVt0; DIS.mx.t0; Nx. Dropped on load: percent_lag; percent_diff","205 locations (country names largely GBD; United States of America / Bolivia (Plurinational State of) / United Republic of Tanzania renamed in 05)","20-95 single-year ages (95 = terminal group)","Female, Male (a small block of 204 rows has NA sex and NA location and is dropped in 05)","2000-2050 present on file; 05 nevertheless replicates the 2019 rows forward to 2020-2050","location x age (single year) x sex x year x cause","Project-internal calibration (UW / RTSL) built from IHME GBD estimates","Derived from GBD (2023 round) incidence, prevalence and mortality; produced by an external calibration step referenced in 05 as 'file calibration' and not present in this repository","NA","code/05_build_baseline.R (L19-34, then all downstream b_rates operations); exported to workers in code/07_run_interventions.R (L1700-1735)","list.files(); readRDS(); rbindlist(); build_intervention_rates_sodium(); calculate_baseline_incidence_gbd(); project.all(); run_state_transitions_sodium()","05_build_baseline (baseline assembly)","Rebuilt when the GBD round or the calibration changes; current files dated 2026 (GBD 2023 vintage)","committed","The generating calibration script is NOT in this repository, so the provenance chain from GBD to these rates cannot be re-run here. The cause column mixes GBD full names (bulk of rows) with the abbreviations ihd/istroke/hstroke/hhd (204 rows); 05 harmonises to abbreviations. Rates are rebalanced in 05 so BG.mx + covid.mx + IR (and + CF) never exceed 1. The 10-part split is a file-size convenience, not a geographic partition, despite the 'searo' filename. The glob pattern 'adjusted' would also pick up any other data/processed file whose name contains 'adjusted'.","Location and version of the calibration script that produces these files; exact GBD round and extraction date"
"covid_excess_mortality_wpp","processed_file","COVID-19 excess mortality and population adjustment (wpp.adj)","wpp.adj.Rda","data/processed/wpp.adj.Rda","Rda (single object wpp.adj, 71808 x 8)","NA","Age-sex-specific excess (COVID) mortality rates for 2020-2021, added to background mortality so the projection starts from a post-pandemic baseline.","location_name; sex; age; year; covid.mx (used). Present but dropped on join: iso3; Nx; mx","187 locations","0-95 single year (only ages 20-95 are used after the join to b_rates)","Female, Male","2020-2021 only (all other years get covid.mx = 0)","location x age x sex x year","UN DESA Population Division (WPP) with project-internal excess-mortality adjustment","UN World Population Prospects life tables / deaths, adjusted to excess mortality by the project","NA","code/05_build_baseline.R (L8-11, L44-46, L250-255)","load(); left_join(); merge()","05_build_baseline (COVID adjustment)","WPP revision dependent; excess mortality fixed at the 2020-2021 pandemic period","committed","Excess mortality is treated as equal to COVID mortality. covid.mx is capped at 0.9 and further rebalanced when BG.mx + covid.mx + IR (or + CF) exceeds 1. North Korea is renamed to Democratic People's Republic of Korea on load to match GBD naming. Which WPP revision underlies this object is not recorded in code.","WPP revision year and the excess-mortality source (e.g. WHO or IHME excess-death estimates) used to build covid.mx"
"unwpp_population_single_age","processed_file","UN WPP 2024 single-year-age population","PopulationsSingleAge0050.rds","data/processed/PopulationsSingleAge0050.rds","rds (data.table, 4670846 x 5)","NA","Replaces the population denominator (Nx) in b_rates with UN WPP 2024 single-year-age counts, so all rates and absolute counts use the current population projection.","location; year_id (renamed year); sex; age; Nx","237 locations","1-101 on file; ages 95+ collapsed to 95 in 05; only 20-95 used","Female, Male","2000-2100 on file; used for the model horizon 2017-2050","location x age x sex x year","United Nations, Department of Economic and Social Affairs, Population Division","World Population Prospects 2024, Revision (single-age population estimates and medium-variant projections)","https://population.un.org/wpp/","code/05_build_baseline.R (L49-66)","readRDS(); collapse by location-year-sex-age; merge() into b_rates (Nx overwrite)","05_build_baseline (population update)","UN WPP revision (2024 revision as used here; next revision expected 2026-2027)","committed","Ages 95+ are summed into a terminal age-95 group. Nx is overwritten only where a WPP match exists; unmatched location-year-age-sex rows keep the original b_rates population, so denominators can be mixed-vintage. The medium variant is assumed (not stated in code).","Confirm WPP 2024 medium-variant and the download/extraction date"
"unwpp_population_age20","processed_file","UN WPP population at age 20 (cohort entrants)","PopulationsAge20_2050.csv","data/processed/PopulationsAge20_2050.csv","csv (69946 x 5)","NA","Population aged exactly 20 by location-year-sex; used to overwrite Nx/pop for the model entry age so new adult cohorts enter the state-transition model with WPP counts.","location; year_id (renamed year); sex; age (= 20 only); Nx","237 locations","Age 20 only","Female, Male","1950-2100 on file; filtered to year >= 2017","location x sex x year (at age 20)","United Nations, Department of Economic and Social Affairs, Population Division","World Population Prospects 2024, Revision","https://population.un.org/wpp/","code/05_build_baseline.R (L72-77 and again L240-243)","read.csv(); left_join() into b_rates (Nx and pop overwrite)","05_build_baseline (population update)","UN WPP revision (2024)","committed","The same join is executed twice in 05 (before and after the incidence/case-fatality adjustment block); the second call is redundant but harmless because it reassigns the same values.","Confirm it is the same WPP extract/vintage as PopulationsSingleAge0050.rds"
"bp_distribution_baseline","processed_file","Baseline systolic blood-pressure distribution, diabetes prevalence and sodium intake by country-age-sex","bp_data6.csv","data/processed/bp_data6.csv","csv (5376 x 19)","NA","The exposure input (data.in). Provides mean SBP and its standard deviation, the raised-BP proportion, diabetes prevalence and baseline salt/sodium intake, from which get.bp.prob() derives the probability mass in each of the 8 SBP categories, and which the sodium intervention shifts.","location_gbd (renamed location); Age.group (renamed age); sex; Mean; stdev; raisedBP; diabetes; salt; iso3. Present but unused or dropped: Country; Year; gbd2019; Lower95; Upper95; stdev_norm; age; low5; htncov; htncov2","192 locations (GBD naming; further harmonised via the 05 name_map)","14 five-year groups, 20-24 to 85plus","Female, Male","Single cross-section, Year = 2015; replicated across model years 2017-2050 by repYear()","location x 5-year age group x sex (x SBP category after the cross-join with the 8 bins)","NCD Risk Factor Collaboration (SBP); project-internal assembly (diabetes, sodium)","NCD-RisC pooled SBP estimates; assembled by the project script referenced in 05 as 'Blood pressure.R' (not in this repository)","https://ncdrisc.org/","code/05_build_baseline.R (L84-87, L101-136, L175); code/07_run_interventions.R (prepare_sodium_data L1009-1020, calculate_sodium_impact_etihad, and exported to workers); code/06_run_scenarios_targets.R (same role); code/02_load_inputs.R uses the earlier bp_data5.csv","fread(); get.bp.prob() (01_utils.R); get_bp_prob_salt() (04); prepare_sodium_data(); expand_to_single_year_ages(); calculate_sodium_impact_etihad()","05_build_baseline (exposure input) -> 07_run_interventions","Tied to the NCD-RisC release used for the 2015 cross-section; no version string stored in the file","committed","SBP within each age-sex-country cell is assumed normal with the given mean and stdev. The 2015 cross-section is held constant over the whole 2017-2050 horizon (no secular BP trend). China salt is hard-overwritten to 4.83 * 2.54 g/day in 05 (L86). The salt column is then overwritten again in 07 prepare_sodium_data() with the 2024 sodium_current values from sodium_policy_scenarios.rds, so the file salt column is only a fallback. Age groups are expanded to single years downstream (85plus -> 85:95).","Provenance of the diabetes and salt columns and of the 'Blood pressure.R' assembly script; NCD-RisC release year; why the reference year is 2015"
"htn_control_scaleup","processed_file","Hypertension-control coverage and scale-up functions (covfxn)","covfxn2.csv","data/processed/covfxn2.csv","csv (6188 x 24)","NA","Country-year hypertension treatment/control coverage trajectories (business-as-usual, Progress, Aspirational) and the derived annual coverage increments. Loaded as inc and carried through the run; in the sodium-only configuration the treatment channel is inactive (rx = 0) and only aroc travels with the exposure table.","iso3; location; Year; aroc; p_change; a_change; refwsalt; aspwsalt; reach_base; aroc2; p_change2; a_change2; ideal (selected in 05); control (used in 02 to build hbp_control_data). Other columns (Progress, Aspirational, Business as usual, model, wb2021, ref, asp, reach_75, reach_975, Country) are present but not selected in 05","182 locations","NA (age-standardised, country-level)","NA (both sexes combined)","2017-2050 (2017-2019 increments zeroed; scale-up starts 2026)","location x year","NCD Risk Factor Collaboration (observed control rates); project-internal scale-up modelling","Built in code/02_load_inputs.R from NCD-RisC Lancet 2021 hypertension age-standardised country series plus fitted quadratic scale-up functions","https://ncdrisc.org/","code/05_build_baseline.R (L93-95, L130-131); code/07_run_interventions.R (exported to workers, L1725); code/06_run_scenarios_targets.R; written by code/02_load_inputs.R (L1324)","read.csv()/fread(); get.bp.prob() (uses aroc, htn_ctrl, htn_trt when rx = 1); clusterExport()","02_load_inputs (build) -> 05_build_baseline (load as inc) -> 07_run_interventions (worker export)","Regenerated whenever 02 is re-run against a newer NCD-RisC release; current file derived from the 2021 NCD-RisC hypertension paper","committed","In the active sodium-only run the antihypertensive-treatment pathway is switched off (rx = 0), so most columns are inert; only aroc enters the salt_info table. The scale-up functions are calibrated on Canada 1990-2019 and applied globally by a model-group assignment. Regenerating this file requires the raw NCD-RisC csv, which is not present in the repository.","Whether the treatment columns are intended to stay unused in the sodium-only publication run"
"ir_cf_calibration_adjustments","processed_file","Incidence and case-fatality calibration multipliers","adjustments2023_age.csv","data/processed/adjustments2023_age.csv","csv (25856 x 10)","NA","Country-sex-age-cause multipliers that rescale baseline incidence (IRadjust) and case fatality (CFadjust) so modelled deaths and prevalence match GBD targets. Applied when run_adjustment_model = TRUE (the default).","location; sex; cause; age_group; IRadjust; CFadjust. Present but unused: scenario_id; RMSE_deaths; RMSE_prev; error","202 locations","16 five-year groups 20-24 to 95+ (b_rates single ages are cut into the same groups for the join)","Female, Male","Time-invariant (fitted on the 2023 calibration round; applied to all years)","location x sex x cause x 5-year age group","Project-internal calibration (UW / RTSL)","Output of the external calibration/grid-search step (scenario_id, RMSE columns retained); generating script not in this repository","NA","code/05_build_baseline.R (L198-233)","fread(); create_gbd_age_group(); merge(); IR and CF rescaling","05_build_baseline (calibration adjustment, flag run_adjustment_model)","Regenerated with each calibration round (2023 round in use)","committed","Multipliers are time-invariant, so a 2023-fitted correction is applied unchanged to 2050. Rows with no match leave IR/CF unadjusted (silent partial coverage). The selection criterion behind the retained scenario_id (RMSE on deaths vs prevalence) is not documented in the pipeline.","Calibration script, objective function and acceptance criteria; whether a newer round exists for the GBD 2023 baseline"
"bgmx_trend_cause_specific","processed_file","Forecast background-mortality trend, cause-specific","tps_bgmx_forecasted.rds","data/processed/tps_bgmx_forecasted.rds","rds (31008 x 7)","NA","Year-on-year percent change in cause-specific background mortality, used to bend BG.mx downwards after 2019 (BG.mx * (1 + percent_diff)).","age; sex; cause; year; percent_diff. Dropped/unused: BG.mx.all; percent_lag","None - no location dimension; the same trend is applied to every country","20-95 single-year","Female, Male","2000-2050 on file; only year > 2019 is applied","age x sex x cause x year (global)","Project-internal forecast (UW / RTSL) built with the forecast R package on GBD historical mortality","Derived from GBD historical mortality trends; generating script not in this repository","NA","code/05_build_baseline.R (L262-289)","readRDS(); merge(); BG.mx rescaling (flag run_bgmx_trend)","05_build_baseline (mortality trend, flag run_bgmx_trend)","Regenerated when the mortality forecast is refreshed","committed","A single global age-sex-cause trend is imposed on all 205 locations - a strong assumption for countries whose historical trajectory differs. Deduplicated with unique(by = age, sex, cause, year) before the join. cause labels arrive as GBD full names and are mapped to abbreviations in 05.","Forecast method, fitting window and whether country-specific trends are intended"
"bgmx_trend_all_cause","processed_file","Forecast background-mortality trend, all-cause envelope","tps_bgmx_all_forecasted.rds","data/processed/tps_bgmx_all_forecasted.rds","rds (31008 x 6)","NA","Year-on-year percent change applied to the all-cause background mortality envelope BG.mx.all after 2019.","age; sex; cause; year; percent_diff. Unused: percent_lag","None - no location dimension; applied globally","20-95 single-year","Female, Male","2000-2050 on file; only year > 2019 applied","age x sex x cause x year (global)","Project-internal forecast (UW / RTSL)","Derived from GBD historical all-cause mortality; generating script not in this repository","NA","code/05_build_baseline.R (L291-315)","readRDS(); merge(); BG.mx.all rescaling (flag run_bgmx_trend)","05_build_baseline (mortality trend, flag run_bgmx_trend)","Regenerated when the mortality forecast is refreshed","committed","Same global-trend assumption as tps_bgmx_forecasted.rds. The file carries a cause column even though it represents the all-cause envelope, and the join is on cause, so the trend is matched cause-by-cause.","Whether the all-cause envelope trend should be cause-matched in the join"
"cf_trend_cvd","processed_file","Forecast case-fatality trend, CVD causes","tps_bgmx_cvd_forecasted.rds","data/processed/tps_bgmx_cvd_forecasted.rds","rds (31008 x 6)","NA","Year-on-year percent change used to bend case fatality (CF) downwards after 2019. In the default configuration only 80 percent of the trend is applied (run_CF_trend_80), the remaining 20 percent being attributed to historical hypertension-control improvement rather than to secular change.","age; sex; cause; year; percent_diff. Dropped/unused: BG.mx.all; percent_lag","None - no location dimension; applied globally","20-95 single-year","Female, Male","2000-2050 on file; only year > 2019 applied","age x sex x cause x year (global)","Project-internal forecast (UW / RTSL)","Derived from GBD historical CVD mortality/case-fatality trends; generating script not in this repository","NA","code/05_build_baseline.R (L339-366)","readRDS(); merge(); CF rescaling (flags run_CF_trend, run_CF_trend_80)","05_build_baseline (case-fatality trend)","Regenerated when the mortality forecast is refreshed","committed","The 0.8 attenuation factor is a modelling judgement hard-coded in 05 (L360) and documented only as a comment in 00_run_model.R. Global trend applied to all countries.","Evidence base for the 80/20 split between secular decline and hypertension-control improvement"
"cf_trend_cvd_ihme_alt","processed_file","Alternative IHME-based case-fatality trend (inactive branch)","tps_bgmx_cvd_ihme.rds","data/processed/tps_bgmx_cvd_ihme.rds","rds (204 x 3)","NA","Alternative cause-year case-fatality trend used only when run_CF_trend_ihme = TRUE (FALSE in the current configuration).","year; cause; percent_diff","None - global","None - no age dimension (cause x year only)","NA","2000-2050; only year > 2019 applied","cause x year (global)","Institute for Health Metrics and Evaluation (IHME) forecasts, processed by the project","IHME Foresight/GBD forecasting outputs (exact release not recorded in code)","NA","code/05_build_baseline.R (L322-334) - only under run_CF_trend_ihme = TRUE","readRDS(); merge(); CF rescaling","05_build_baseline (alternative case-fatality trend; currently inactive)","IHME forecast release (unrecorded)","committed","Inactive in the current run (run_CF_trend_ihme = FALSE in 00_run_model.R). Coarser than the active trend (no age or sex dimension), so switching branches changes the age pattern of case fatality, not just its level.","Which IHME forecast release this is; whether the branch is still needed"
"ettehad_rr_per_10mmhg","processed_file","Ettehad meta-analysis relative risks per 10 mmHg SBP reduction, by baseline SBP stratum","ettehad_rr_bp_reduction_10mmHg.csv","data/processed/ettehad_rr_bp_reduction_10mmHg.csv","csv (36 x 5)","NA","The exposure-response core of the sodium-to-CVD pathway: relative risk per 10 mmHg lower SBP by baseline SBP stratum and outcome. Mapped onto the model 8 SBP bins and 4 causes and used to convert the modelled SBP reduction into an incidence-rate reduction.","Cause; SBP_Category; RR. Present but unused: CI_lower; CI_upper","Global (trial meta-analysis; applied to all countries)","Not age-specific (single RR schedule applied to ages 20-95)","Not sex-specific","Time-invariant (2016 publication)","outcome (cause) x baseline SBP stratum","Published meta-analysis (The Lancet)","Ettehad D, et al. Blood Pressure Lowering for Prevention of Cardiovascular Disease and Death: A Systematic Review and Meta-Analysis. The Lancet 2016;387(10022):957-967. doi:10.1016/S0140-6736(15)01225-8","https://www.thelancet.com/journals/lancet/article/PIIS0140-6736(15)01225-8/fulltext","code/07_run_interventions.R (L172-217); code/06_run_scenarios_targets.R (L85-130)","fread(); map_bp(); calculate_sodium_impact_etihad()","06/07 - Section 2 (ETIHAD RR setup)","Static literature parameter (2016 publication); update only if the effect-size source changes","committed","Only 3 of the 6 tabulated outcomes are used: Coronary heart disease -> ihd, Heart failure -> hhd, Stroke -> istroke. Haemorrhagic stroke (hstroke) has NO separate RR and simply copies the ischaemic-stroke values. The 5 published SBP strata are mapped onto the model 8 bins (<120 and 120-129 both take the <130 RR; 160-169, 170-179 and 180+ all take the >=160 RR), so within-group heterogeneity is lost. The Total stratum is dropped. Confidence intervals are not carried, so no RR uncertainty propagates. Effects are assumed linear in SBP via the 0.1 x sbp_reduction scaling.","Whether copying the ischaemic-stroke RR to haemorrhagic stroke is the intended treatment; who transcribed the csv from the publication"
"ettehad_cumulative_effects_by_bin","processed_file","Cumulative ETIHAD effect sizes by SBP bin and cause, with and without diabetes","ettehad_rr_bp_reduction_effects.xlsx","data/processed/ettehad_rr_bp_reduction_effects.xlsx","xlsx (40 x 7)","Sheet1","Pre-computed cumulative relative risks and effect sizes per SBP bin and cause, separately for people with and without diabetes; combined into a diabetes-weighted effect size by calculate_etihad_cumulative_rr().","cause; bp_cat; effect_size_nodiabetes; effect_size_diabetes (used). Present but unused in the active path: rr_per_10mmhg; cummulative_rr_nodiabetes; cummulative_rr_diabetes","Global (applied to all countries)","Not age-specific","Not sex-specific","Time-invariant","cause x SBP bin (8 bins x 5 causes including aod)","Project-derived from the Ettehad meta-analysis","Computed by the project from Ettehad D, et al. The Lancet 2016;387(10022):957-967","https://www.thelancet.com/journals/lancet/article/PIIS0140-6736(15)01225-8/fulltext","code/07_run_interventions.R (L220-222, L980-999); code/06_run_scenarios_targets.R (L133-135)","readxl::read_excel(); calculate_etihad_cumulative_rr()","06/07 - Section 2 (ETIHAD RR setup) and Section 4 (effect sizes)","Static; regenerate if the underlying RR source or bin mapping changes","committed","The diabetes weight passed to calculate_etihad_cumulative_rr() is the country-age-sex diabetes prevalence from bp_data6.csv (the function default of 0.1 is not used in the active path). Includes an aod (dementia) row that the sodium-only run does not use. The spreadsheet is an intermediate calculation with no in-repo generating script, so the arithmetic linking it to the published RRs cannot be re-verified here.","Generating workbook/formulas behind the cumulative and effect-size columns"
"sodium_policy_scenarios","processed_file","Baseline sodium/salt intake and reduction-target scenarios by country-year","sodium_policy_scenarios.rds","data/processed/sodium_policy_scenarios.rds","rds (6144 x 8)","NA","Population mean sodium and salt intake by country-year plus the Progress (15 percent) and Aspirational (30 percent) reduction trajectories. In the active run only the 2024 sodium_current value is used, as the baseline intake to which the source-split efficacy fraction is applied.","location; year; sodium_current (used in 07). Also present: salt_current; sodium_target_prog; sodium_target_asp; salt_target_prog; salt_target_asp (used by 06_targets and the report)","192 locations","None - population mean per country (population-weighted across age-sex when built in 02)","None - both sexes combined","2019-2050 (2019-2024 observed/held, 2025-2030 linear ramp, held flat thereafter)","location x year","Project-internal (UW / RTSL), built from a sodium-intake dataset in 02_load_inputs.R","Built in code/02_load_inputs.R from data/processed/Sodium/sodium_data.rds (upstream intake source not documented in code; candidate references in docs/references.bib are Powles et al. BMJ Open 2013 and GBD dietary-risk exposure)","NA","code/07_run_interventions.R (prepare_sodium_data, L1009-1020); code/06_run_scenarios_targets.R (L424); reports/report.RMD (L405); written by code/02_load_inputs.R (L169)","readRDS(); prepare_sodium_data(); merge() into data.in as the salt column","02_load_inputs (build) -> 07_run_interventions Section 5 (sodium data preparation)","Regenerate when the sodium-intake source is updated; the file is the committed artifact of a 02 run","committed (its upstream input data/processed/Sodium/sodium_data.rds is NOT in the repository)","The active run uses ONLY the year-2024 sodium_current column; the prog/asp target columns are legacy (the source-split logic in 07 derives its own reduction fraction). Country intake is a single population mean (age-sex detail collapsed by population weighting in 02), so the sodium effect has no age or sex gradient. The intake series is flat from 2024 onwards in the counterfactual. Salt is converted with a 2.54 g salt per g sodium factor elsewhere in the code.","Upstream sodium-intake dataset, its citation, survey years and whether 24-h urine or dietary-recall based"
"sodium_source_shares","processed_file","Per-country sodium source shares (five sources)","sodium_source_shares.rds","data/processed/sodium_source_shares.rds","rds (11 x 6)","NA","The share of total dietary sodium coming from each of five sources (discretionary, packaged, restaurant, public, inherent) per country, plus a default row. Each intervention documented reduction is applied only to the sources it can affect, and the share-weighted composition gives the country-specific salteff.","location; discretionary; packaged; restaurant; public; inherent","10 priority countries (Viet Nam, Philippines, Bangladesh, China, Ethiopia, India, Malaysia, Thailand, Nigeria, Cameroon) plus a 'default' row for any other country","None (adult population assumed; see the ADULT_POPULATION_ONLY caveat)","None","Time-invariant, except that the packaged share is grown in-memory to its 2030 end state when run_packaged_trend = TRUE","location x sodium source","Resolve to Save Lives sodium policy documentation; underlying literature review","RTSL sodium policy document country source-share tables; methodological basis Bhat S, Marklund M, et al. A Systematic Review of the Sources of Dietary Salt Around the World. Advances in Nutrition 2020;11(3):677-686. doi:10.1093/advances/nmz134","https://www.sciencedirect.com/science/article/pii/S2161831322002927","code/07_run_interventions.R (built L376-449, written and re-read L629-630, trended L734-786, exported to workers L1715)","build_sodium_source_shares(); readRDS(); compute_total_efficacy()","07_run_interventions Section 3 (source-split intervention logic)","Updated when RTSL supplies revised country source shares; current values are the 'summary table' revision superseding an earlier hard-coded block that is retained commented-out at L339-374","committed, but regenerated (overwritten) on every 07 run","The values are hard-coded inside build_sodium_source_shares() rather than read from a data file, so the .rds is an output of code, not an independent input. Every row is renormalised to sum to 1 (the Viet Nam values as documented sum to 1.12). Proxy profiles: Bangladesh uses India, Malaysia uses the Philippines, Cameroon uses Nigeria. The 'default' row is the unweighted mean of the 10 country profiles. The flat public-procurement share (0.02, or 0.05 for Nigeria/Cameroon) is school-inclusive while the model is adults-only: the run only proceeds because ADULT_POPULATION_ONLY = FALSE, and 07 prints a PROVISIONAL caveat, so public_procurement and full_package results are provisional. 'inherent' sodium is never targeted by any intervention.","RTSL adults-only per-country public-procurement shares (blocking for non-provisional results); source and vintage of each country source-share estimate; whether the Nigeria/Cameroon 0.05 public share should also be revised"
"packaged_food_trend_rates","processed_file","Packaged-food consumption growth rate per country (median APC)","packaged_food_trends.rds","data/processed/packaged_food_trends.rds","rds (10 x 2)","NA","One annual growth rate g per country, the median Euromonitor APC over sodium-relevant leaf categories. Used to intensify the packaged sodium-source share to its 2030 end state, renormalising the other sources.","geography; g","10 geographies (as the Euromonitor extract; 'Vietnam' mapped to 'Viet Nam')","NA","NA","Growth rate applied over 2025-2030, then held constant (PACKAGED_TREND_AFTER_2030 = hold_constant)","geography","Euromonitor International (via RTSL), aggregated by the project","Derived in code/03_clean_inputs.R from Euromonitor_trends_RTSL.xlsx, sheet Predictions (2025-2030)","NA","code/07_run_interventions.R (L734-786); reports/report.RMD (L712); written by code/03_clean_inputs.R (L51)","readRDS(); in-memory packaged-share intensification and renormalisation","03_clean_inputs (build) -> 07_run_interventions (Task 4b)","Rebuilt whenever the Euromonitor extract is refreshed (run 03 before 07)","committed","MVP simplification: the 2030 end-state intensification factor (1 + g)^5 is applied as a single representative value for ALL years, so salteff stays a scalar. This overstates the packaged weight in 2026-2029, mitigated by the scale-up ramp. Only source COMPOSITION changes - total sodium intake is unchanged. Countries absent from the file (and the 'default' row) get I = 1. Retail volume growth is assumed to translate one-for-one into packaged sodium share growth. 07 stops with an error if run_packaged_trend = TRUE and this file is missing.","Whether the year-indexed (rather than 2030 end-state) share is required for the final analysis"
"country_groupings_extended","processed_file","Country ISO3 and region crosswalk","Country_groupings_extended.csv","data/processed/Country_groupings_extended.csv","csv (200 x 3)","NA","Crosswalk from model location names to iso3 codes and regions; used for labelling and grouping in the reporting layer.","iso3; location; region","200 locations","NA","NA","Time-invariant","location","Project-internal crosswalk (World Bank / GBD groupings)","NA - assembled by the project; the World Bank income grouping column referenced by 02 (wb2021) is absent from this committed version","NA","reports/report.RMD (L393). code/02_load_inputs.R (L1115, L1164) reads a DIFFERENT copy from the repository root with columns location_gbd and wb2021, which is not present","fread(); left_join() for labelling","reporting (and 02_load_inputs, broken path)","Static; refresh if World Bank income groups or GBD location names change","committed","Two incompatible versions of this filename exist in the project history: the committed data/processed copy (iso3, location, region) and the root-level copy expected by 02 (location_gbd, iso3, wb2021). One location label is mojibaked (Korea, Dem. People?s Rep.). Not used by the active model run.","Which version is authoritative; whether the wb2021 income column is still needed"
"intervention_effect_sizes","in_script_parameter","Per-source intervention effect sizes (EFF_* constants and intervention_effects table)","07_run_interventions.R","code/07_run_interventions.R (L244-320)","R constants / in-script data.table","intervention_effects (7 rows: intervention x source x effect); intervention_registry (6 rows)","The fractional reduction each intervention achieves in the sodium contributed by the source(s) it targets: public food procurement 0.20 of 'public'; media campaigns 0.010 of 'discretionary' and 'packaged'; front-of-pack labelling 0.138 of 'packaged'; salt targets/reformulation 0.20 of 'packaged'; fiscal policy 0.10 x 1.00 taxable share of 'packaged'; low-sodium salt substitutes 0.15 of 'discretionary'. Composed within a source as 1 - prod(1 - eff) and share-weighted into salteff.","EFF_PROCUREMENT_PUBLIC; EFF_MEDIA; EFF_FOPL_PACKAGED; EFF_SALTTARGETS_PACKAGED; FISCAL_EFFECT_ON_TAXED_PACKAGED; TAXABLE_PACKAGED_SHARE; EFF_FISCAL_PACKAGED; EFF_LSS_DISCRETIONARY","Global - the same effect sizes for every country (country variation enters only through the source shares)","Adults 20+ (whole modelled population; LSS variants restrict reach to raised-BP bins)","Not sex-specific","Full effect at 2030 after a linear 2026-2030 scale-up (SCALEUP_YEAR1/SCALEUP_YEAR2)","intervention x sodium source","Resolve to Save Lives (policy effect-size tables); SSaSS trial for LSS","RTSL sodium policy document intervention effect-size tables. LSS value derived from Neal B, et al. Effect of Salt Substitution on Cardiovascular Events and Death. N Engl J Med 2021;385:1067-1077 (net -350 mg/day sodium at 91.7 percent use over a 4.3 g/day baseline with a 0.594 China discretionary share -> ~0.15)","https://www.nejm.org/doi/pdf/10.1056/NEJMoa2105675","code/07_run_interventions.R (L282-320, L466-516, L667-712, exported to workers L1716)","compute_total_efficacy(); build_scenario_configs(); calculate_sodium_impact_etihad()","07_run_interventions Section 3 (source-split intervention logic)","Reviewed with each RTSL effect-size revision; fiscal and LSS values flagged provisional as of 2026-07-23","in code (no external data file)","Fiscal policy is an MVP placeholder: a fixed 0.10 effect with TAXABLE_PACKAGED_SHARE = 1.00 (all packaged sodium assumed taxed, explicitly flagged as likely too high); the elasticity-based approach (Green et al. BMJ 2013) is out of MVP scope. The salt-targets 0.20 has a 0.15 conservative floor for sensitivity. The LSS 0.15 is a sodium-channel-only lower bound: the SSaSS potassium benefit is not modelled (sensitivity range 0.12-0.18). media_campaign is intentionally excluded from all reported scenarios (July 14 decision) but retained in the registry. LSS is flagged placeholder = TRUE and is therefore kept OUT of full_package (include_placeholders_in_package = FALSE).","RTSL confirmation of the fiscal effect and taxable share; citation for each non-LSS effect size; whether media campaigns stay excluded"
"filippini_sodium_sbp_dose_response","in_script_parameter","Sodium-to-SBP dose-response coefficients","07_run_interventions.R / 01_utils.R / 04_define_intervention.R","code/07_run_interventions.R (L1170); code/01_utils.R (L58-59); code/04_define_intervention.R (L47)","R constants (inline formula coefficients)","NA","Converts a sodium/salt reduction into an SBP reduction: in the active path sbp_reduction = (2.8 x raisedBP + 1.0 x (1 - raisedBP)) x salt_reduction, i.e. 2.8 mmHg per gram for people with raised BP and 1.0 mmHg per gram otherwise.","2.8 and 1.0 (07, active); 1.12 and 0.58 (get.bp.prob in 01_utils.R); 1.23 and 0.55 (04_define_intervention.R, inactive)","Global","Not age-specific","Not sex-specific","Time-invariant","mmHg per gram per day, by raised-BP status","Published dose-response meta-analysis (Circulation)","Filippini T, et al. Blood Pressure Effects of Sodium Reduction: Dose-Response Meta-Analysis of Experimental Studies. Circulation 2021;143(16):1542-1567. doi:10.1161/CIRCULATIONAHA.120.050371","https://pmc.ncbi.nlm.nih.gov/articles/PMC8055199/","code/07_run_interventions.R (calculate_sodium_impact_etihad, L1170); code/01_utils.R (get.bp.prob, L58-59); code/06_run_scenarios_targets.R","calculate_sodium_impact_etihad(); get.bp.prob(); get_bp_prob_salt()","07_run_interventions Section 6 (core sodium intervention model)","Static literature parameter (2021 publication)","in code (no external data file)","Three different coefficient pairs coexist in the codebase for the same conceptual quantity (2.8/1.0 in the active 07 path; 1.12/0.58 in get.bp.prob, which still shifts the BP distribution when salteff is passed to it; 1.23/0.55 in the unused 04 implementation). Units must be read carefully: the 07 path operates on the intake column populated with SODIUM grams while the older app coefficients assume SALT grams (2.54 g salt per g sodium). The response is assumed linear in the reduction with no saturation, and identical for all ages and both sexes.","Which coefficient pair is authoritative and whether each is expressed per gram of sodium or per gram of salt"
"lss_trial_rr_and_coverage","in_script_parameter","LSS (salt-substitute) trial relative risks and coverage placeholders","07_run_interventions.R","code/07_run_interventions.R (L92-99, L1126-1166)","R constants","NA","The trial-RR pathway for low-sodium salt substitutes: stroke incidence multiplier 0.90 (nonfatal-stroke RR) and case-fatality multiplier 0.77/0.90 = 0.856, blended toward 1 by the reached fraction, plus the coverage assumptions defining who is reached (whole population 0.50; HEARTS diagnosed 0.33; treated 0.25).","RR_STROKE_INCIDENCE = 0.90; RR_STROKE_CF = 0.77/0.90; LSS_COVERAGE_ALL = 0.50; HTN_DIAGNOSED_COV = 0.33; HTN_TREATED_COV = 0.25","Global (trial conducted in rural China; applied to all modelled countries)","Adults; the raised-BP bins (SBP >= 140) are used as an MVP proxy for diagnosed/treated hypertension","Not sex-specific","Ramped over the 2026-2030 scale-up window, then held","cause (stroke) x reach category","Published randomised trial (SSaSS)","Neal B, et al. Effect of Salt Substitution on Cardiovascular Events and Death. N Engl J Med 2021;385:1067-1077. doi:10.1056/NEJMoa2105675","https://www.nejm.org/doi/pdf/10.1056/NEJMoa2105675","code/07_run_interventions.R (L1088-1166 and the Step 8-9 branch)","calculate_sodium_impact_etihad(); build_scenario_configs() (LSS scenario variants 2/4/5)","07_run_interventions Section 6 (LSS trial-RR pathway)","Static trial parameters; the coverage values are placeholders pending RTSL/HEARTS inputs","in code (no external data file)","The three coverage values are explicit placeholders (RTSL to confirm) and drive the LSS results directly. The trial-RR and sodium-to-SBP channels are mutually exclusive for stroke by design (guardrail at Step 8-9) to avoid double counting. The total-stroke RR 0.86 is not applied separately because 0.90 x 0.856 reproduces it. Non-stroke causes get no trial effect. SBP >= 140 is a proxy for diagnosed/treated hypertension rather than a coverage-linked eligibility. LSS is a placeholder intervention and is excluded from full_package.","RTSL / HEARTS-linked coverage values for whole-population, diagnosed and treated LSS reach"
"sodium_policy_cost_parameters","in_script_parameter","Sodium policy per-capita cost parameters","06_run_scenarios_targets.R / 07_run_interventions.R","code/06_run_scenarios_targets.R (L154-197, L859-899); code/07_run_interventions.R (L824-855)","R constants / function defaults","default_sodium_policy_table() (5 policy rows with unit_cost)","Annual per-capita USD implementation costs by policy component (reformulation, package labelling, media campaigns, supportive environment, other), scaled linearly over the implementation window by calc_sodium_policy_costs().","reform_cost = 0.05; label_cost = 0.05; media_cost = 0.05; support_cost = 0.05; other_cost = 0.00; per_capita_cost; exchange (default 1)","Global - one per-capita cost for all countries","Whole modelled population (population divided by 4 in the cost formula)","NA","Linear ramp from the start year to the end year of implementation, flat thereafter","policy component (USD per capita per year)","NA - not attributed in the code","NA - no citation in code; candidate costing references exist in docs/references.bib (e.g. Cobiac 2015/2017, Collins 2014) but are not linked to these values","NA","code/06_run_scenarios_targets.R (default_sodium_policy_table, summarize_sodium_policy_package, scenario per_capita_cost attributes); code/07_run_interventions.R retains calc_sodium_policy_costs() and build_sodium_intake_table() but the active source-split scenarios do not populate a per-capita cost","default_sodium_policy_table(); summarize_sodium_policy_package(); calc_sodium_policy_costs(); build_sodium_intake_table()","06_run_scenarios_targets (costing) / 07_run_interventions Section 3b (retained cost helpers)","NA - placeholder values, no version recorded","in code (no external data file)","All four active components carry the same uniform 0.05 USD per capita placeholder, with no country, income-group or currency-year attribution. The Pop/4 divisor in calc_sodium_policy_costs() is described only as quarterly scaling and is undocumented. The active 07 scenarios carry intervention names rather than costs, so no costing output is produced by the current run - economic evaluation is not yet wired into the source-split path.","Source and currency year for every unit cost; meaning of the Pop/4 divisor; whether costing should be driven from 07 rather than 06"
"scenario_and_scaleup_parameters","in_script_parameter","Scenario definitions, scale-up window, model flags and structural constants","00_run_model.R / 07_run_interventions.R","code/00_run_model.R (L45-89); code/07_run_interventions.R (L64-113, L1115, L1743-1748)","R constants / control flags","NA","The run configuration treated as model input: which interventions and scenario mode to run, the 2026-2030 scale-up window, the model flags controlling baseline construction, the minimum-intake floor of 2 g/day, the cause map, and the 10-country priority list the parallel loop actually iterates over.","selected_interventions; scenario_mode; include_placeholders_in_package; SCALEUP_YEAR1 = 2026; SCALEUP_YEAR2 = 2030; ADULT_POPULATION_ONLY = FALSE; run_adjustment_model; run_bgmx_trend; run_CF_trend; run_CF_trend_80; run_CF_trend_ihme; run_packaged_trend; PACKAGED_TREND_METHOD; PACKAGED_TREND_AFTER_2030; cause_map; dx_include; minimum intake floor 2 g/day; locs (10 priority countries); ncores = 6","Run restricted to Viet Nam, Philippines, Bangladesh, China, Ethiopia, India, Malaysia, Thailand, Cameroon, Nigeria (Greenland and Bermuda excluded from the full list before the override)","Adults 20-95","Female, Male","Projection to 2050; results reported at 2030, 2040 and 2050; scale-up 2026-2030","run configuration","Project decisions (UW / RTSL meeting notes)","NA - configuration set in code; rationale recorded in code comments and in dev/ meeting notes","NA","code/00_run_model.R; code/05_build_baseline.R (flag branches); code/07_run_interventions.R (L64-113, L1743-1748)","build_scenario_configs(); run_multiple_scenarios(); foreach loop over locs","00_run_model (orchestration) -> 05 / 07","Per analysis round; current settings as of the 2026-07-23 status run","in code (no external data file)","The country list is hard-overwritten to the 10 priority countries at L1747, so the preceding data-driven locs assignment (all data.in locations minus Greenland and Bermuda) is dead code. ADULT_POPULATION_ONLY = FALSE is a temporary approval (2026-07-22) that lets the run proceed on the stale school-inclusive public-procurement share with a printed caveat; it should revert to TRUE once RTSL supplies adults-only shares. Absolute Windows paths are hard-coded in 00_run_model.R (wd, wd_temp), so the pipeline is not portable without editing. 02_load_inputs.R is sourced by 00 but cannot complete because several of its inputs are absent.","Whether the run should remain restricted to the 10 priority countries; when ADULT_POPULATION_ONLY reverts to TRUE"
"location_name_crosswalk","in_script_parameter","Location-name harmonisation crosswalk (name_map)","05_build_baseline.R","code/05_build_baseline.R (L106-131); also inline renames at L37-39, L11","R named character vector (17 entries)","NA","Maps colloquial country names in the exposure and coverage inputs to the canonical model location names (e.g. Vietnam -> Viet Nam, South Korea -> Republic of Korea), so bp_data6.csv, covfxn2.csv, the source shares and the Euromonitor trends all join to b_rates.","name_map (17 name pairs); plus inline renames for United States of America, Bolivia (Plurinational State of), United Republic of Tanzania and North Korea","17 mapped names; all other locations pass through unchanged (fcoalesce)","NA","NA","NA","location name pair","Project-internal","NA - defined in code","NA","code/05_build_baseline.R (L128, L131); code/07_run_interventions.R (L742, reused for the Euromonitor geography mapping)","fcoalesce(); build_sodium_source_shares() country labels rely on the same canonical names","05_build_baseline (name harmonisation)","Extend when a new input introduces a new spelling","in code (no external data file)","07 depends on name_map surviving in the global environment from 05 (it is used at L742 for the Euromonitor geography mapping, where only Vietnam -> Viet Nam matters among the 10 priority countries); running 07 without 05 in the same session would fail or silently skip the mapping. Mismatches elsewhere fail silently as NA joins rather than errors, so row counts should be checked after every join. countrycode is loaded in 00 but the harmonisation is done by this manual map.","None"
"sodium_intake_microdata","processed_file","Sodium intake by country-age-sex (upstream of the scenario file)","sodium_data.rds","data/processed/Sodium/sodium_data.rds","rds","NA","Age-sex-specific sodium and salt intake by country and year; population-weighted in 02 to the country means that become sodium_policy_scenarios.rds.","location; sex; age (age.group); year; sodium_current; salt","Approximately 192 locations (inferred from the derived scenario file)","GBD 5-year groups 20 to 95 plus (inferred from the merge keys)","Female, Male (inferred)","Includes at least 2019-2024 (02 filters to year >= 2019 and takes 2024 as baseline)","location x age group x sex x year","NA - not documented in code","NA - candidate references in docs/references.bib include Powles et al. BMJ Open 2013 (global 24-h urinary sodium) and GBD dietary-risk exposure, but the code makes no attribution","NA","code/02_load_inputs.R (L9)","readRDS(); weighted.mean() aggregation; interpolate_sodium_reduction()","02_load_inputs (input rebuild only; not needed for a standard model run)","NA","MISSING - the data/processed/Sodium/ directory does not exist in this checkout","Because this file is absent, sodium_policy_scenarios.rds cannot be regenerated here and 02 cannot complete; the committed scenario file must be taken on trust. This is the single most important undocumented provenance gap in the input chain, since baseline sodium intake scales every result.","Locate the file, its upstream data source, survey years, measurement method (24-h urine vs recall) and citation"
"ihme_total_population","raw_file","IHME/GBD total population by location-year-sex-age group","totalpop_ihme.rds","data/raw/GBD/totalpop_ihme.rds","rds","NA","Population weights used in 02 to aggregate age-sex-specific sodium and TFA intake to country means.","location; year_id; sex_name; age_group_name; val (renamed population)","GBD locations","GBD age groups (<1 year through 95 plus; matched to single ages 20-95)","Female, Male","Through 2019 (02 averages population over years because the series ends at 2019)","location x sex x age group (x year before averaging)","Institute for Health Metrics and Evaluation (IHME)","GBD population estimates (release not recorded in code)","NA","code/02_load_inputs.R (L13, L202)","readRDS(); merge() with the age crosswalk; weighted.mean()","02_load_inputs (input rebuild only)","GBD round","MISSING from data/raw/GBD/ (which contains only two IHME-GBD_2023_DATA zip extracts)","02 also applies an odd rename mapping Ukraine (without Crimea and Sevastopol) to Turkey at L18, which looks like a copy-paste error from the TFA block below it (where the same key maps to Ukraine). Population is averaged over years, so intake weights are not year-specific.","GBD release; whether the Ukraine-to-Turkey rename at L18 is a bug; relationship to the two GBD 2023 zip files present in data/raw/GBD/"
"gbd_2023_data_extracts","raw_file","IHME GBD 2023 custom data extracts (zipped)","IHME-GBD_2023_DATA-ed5b485d-1.zip; IHME-GBD_2023_DATA-f6560e63-1.zip","data/raw/GBD/","zip (csv inside)","NA","GBD 2023 results downloads that are the presumed upstream source of the calibrated baseline rates (incidence, prevalence, deaths by location-age-sex-cause). No script in code/00-07 reads them directly.","NA - not read by the pipeline in this repository","NA - not inspected (archives not opened by the pipeline)","NA","NA","GBD 2023 round","NA","Institute for Health Metrics and Evaluation (IHME) - GBD Results Tool","GBD 2023 results (custom query; the hash in each filename identifies the GHDX download)","https://vizhub.healthdata.org/gbd-results/","None in code/00-07 - present as provenance for the externally built baseline rates","NA","upstream of 05 (external calibration, script not in repository)","GBD 2023 round; files dated 2026-01-23","present locally, git-ignored (data/raw/**)","Listed for completeness of the source registry: these archives document the GBD vintage behind the baseline rates but are not consumed by any pipeline script, so the transformation from them to adjusted_searo_part*.rds is not reproducible in this repository.","The GBD Results Tool query behind each hash (measures, causes, years, locations) and which script consumed them"
"tfa_intake_and_policy","processed_file","Trans-fatty-acid intake and policy dates by country","tfa_data.rds","data/processed/TFAPolicy/tfa_data.rds","rds","NA","TFA intake (percent of energy) and best-practice-policy dates, aggregated in 02 into tfa_policy_scenarios.rds. Not part of the sodium-only model.","location; sex; age; year; tfa_current; tfa_bpp_date_in_effect; tfa_bpp_date_passed","Approximately 234 locations in the derived file (includes GBD aggregate regions)","GBD age groups (inferred)","Female, Male (inferred)","1990-2050 in the derived file; 2024 used as the baseline year","location x age group x sex x year","NA - not documented in code (WHO TFA policy tracking and GBD TFA exposure are the likely sources)","NA","NA","code/02_load_inputs.R (L189)","readRDS(); weighted.mean(); TFA scenario construction; calc_mortality_reduction() in 01_utils.R","02_load_inputs (input rebuild only; TFA is out of scope for the sodium model)","NA","MISSING - the data/processed/TFAPolicy/ directory does not exist (the derived tfa_policy_scenarios.rds IS committed)","The derived tfa_policy_scenarios.rds is committed but no script in code/00-07 reads it, so TFA is currently dead weight in the input tree. The TFA relative risks (RR 1.28 per 2 percent of energy) are hard-coded in 01_utils.R without a citation.","Whether TFA remains in scope; source and citation for the TFA intake, policy dates and the RR 1.28 parameter"
"statin_coverage","raw_file","Statin (fixed-dose combination) coverage by country","FDC_coverage_data_statints_pp.csv","data/raw/Statins/FDC_coverage_data_statints_pp.csv","csv","NA","Baseline statin/polypill coverage used in 02 to build statin scale-up scenarios (statin_data.rds). Not part of the sodium-only model.","location; pp_cov; diabetes","Approximately 190 locations in the derived file","None in the derived file (country-level coverage)","NA","Baseline coverage; scenarios interpolated 2019-2050","location","NA - described in code only as 'Input from Polypill paper'","NA - unnamed polypill paper; WHO and ACC target references are linked in comments at 02 L360-362","NA","code/02_load_inputs.R (L371)","fread(); interpolate_statins()","02_load_inputs (input rebuild only; statins out of scope for the sodium model)","NA","MISSING - data/raw/Statins/ does not exist (the derived statin_data.rds and af_statins.rds ARE committed but unread by 00-07)","The 0.60 statin target is a hard-coded 'progress scenario' assumption in 02 (L394) with no citation.","Whether statins remain in scope; citation for the polypill coverage data and the 0.60 target"
"ncdrisc_hypertension_series","raw_file","NCD-RisC age-standardised hypertension diagnosis, treatment and control by country","NCD-RisC_Lancet_2021_Hypertension_age_standardised_countries.csv","data/raw/NCD-RisC/NCD-RisC_Lancet_2021_Hypertension_age_standardised_countries.csv","csv","NA","Observed country-year hypertension control proportions, the empirical basis for the quadratic scale-up functions that produce covfxn2.csv.","Country.Region.World; ISO; Year; Proportion.of.controlled.hypertension.among.all.hypertension","NCD-RisC countries (182 survive into covfxn2.csv)","Age-standardised (30-79 in the NCD-RisC publication)","Averaged across sexes in 02","1990-2019 (02 uses the series through 2019 and projects forward)","country x year","NCD Risk Factor Collaboration (NCD-RisC)","NCD-RisC. Worldwide trends in hypertension prevalence and progress in treatment and control from 1990 to 2019. The Lancet 2021;398(10304):957-980","https://ncdrisc.org/data-downloads-hypertension.html","code/02_load_inputs.R (L543, L1058)","read.csv(); quadratic scale-up model fitting; covfxn construction","02_load_inputs (input rebuild only)","NCD-RisC release (2021 hypertension paper)","MISSING - data/raw/NCD-RisC/ does not exist in this checkout","The scale-up functions are fitted on Canada 1990-2019 and generalised to all countries via a discrete model-group assignment (models 1-9) with hard-coded coefficients (02 L1077-1113). Without this raw file covfxn2.csv cannot be regenerated.","Exact NCD-RisC download and version; basis of the model-group (1-9) assignment"
"rtsl_hearts_coverage_points","external_file","RTSL/HEARTS programme hypertension-control data points (plot overlay)","add_cov_data.csv","add_cov_data.csv (repository root, per paste0(wd, ...) in 02)","csv","NA","HEARTS-programme control-rate observations for Bangladesh, Colombia, Ecuador, Ethiopia, Peru, Vietnam and India, used only for an appendix figure comparing observed programme scale-up with the modelled functions.","location; control; change; data (label column, rows 8-9 relabelled in place)","7 countries","NA","NA","Programme years (HEARTS year 1 and year 2 labels)","location x observation","Resolve to Save Lives (HEARTS programme monitoring)","NA","NA","code/02_load_inputs.R (L705)","read.csv(); ggplot2 appendix figure only","02_load_inputs (figure only; no model input)","NA","MISSING - not at the repository root; the path is broken","Positional edits (rtsl[8,4], rtsl[9,4]) assume a fixed row order, so the code would silently mislabel if the file changed. Figure-only, so its absence does not affect model results.","File location; whether the appendix figure is still required"
"bp_distribution_v5_legacy","external_file","Legacy blood-pressure distribution input (previous version of bp_data6)","bp_data5.csv","bp_data5.csv (repository root, per paste0(wd, ...) in 02)","csv","NA","Earlier version of the SBP distribution input, used inside 02 to compute the salt-plus-treatment interaction terms (ref, asp) written into covfxn2.csv.","location_gbd; Age.group; sex; Mean; stdev; raisedBP; diabetes; salt; Lower95; Upper95","Same scope as bp_data6.csv (approximately 192 locations)","5-year groups 20-24 to 85plus","Female, Male","Single cross-section replicated over 2017-2040","location x age group x sex x SBP category","NCD Risk Factor Collaboration (SBP) with project processing","Predecessor of bp_data6.csv; see that entry","https://ncdrisc.org/","code/02_load_inputs.R (L1155)","fread(); get.bp.prob() loop building the ref/asp salt-interaction columns","02_load_inputs (input rebuild only)","Superseded by bp_data6.csv","MISSING - not at the repository root; the path is broken","Note the China salt override in 02 uses 4.83 * 2.52 while 05 uses 4.83 * 2.54 for the same quantity - an inconsistent sodium-to-salt conversion factor between scripts.","Whether 02 should be repointed at bp_data6.csv; which China conversion factor (2.52 or 2.54) is correct"
"base_rates_2022_external","external_file","100M Lives baseline rates (external project directory)","base_rates_2022.csv","OUTSIDE THIS REPOSITORY: C:/Users/wrgar/OneDrive - UW/02Work/ResolveToSaveLives/100MLives/data/base_rates_2022.csv","csv","NA","Population counts (Nx) from the sibling 100M Lives project, used in 02 as population weights when computing the country-level salt-plus-treatment interaction terms for covfxn2.csv.","year (renamed Year); location; sex; age; Nx; cause (filtered to ihd)","100M Lives country set","Single-year adult ages","Female, Male","2017 onward (2022 vintage)","location x age x sex x year","Project-internal (UW / RTSL 100M Lives project)","NA","NA","code/02_load_inputs.R (L1177)","fread(); weighted.mean() over normotensive proportions","02_load_inputs (input rebuild only)","2022 vintage of the 100M Lives base rates","OUTSIDE the repository - hard-coded absolute Windows path to a separate project folder","A cross-project absolute-path dependency that makes 02 non-portable and couples this analysis to another repository state. 02 also sources code/functions_review_6_100.R (L1182), which is absent from code/, and writes scratch output to another hard-coded absolute path (wd_temp in 00_run_model.R).","Whether this dependency can be replaced by an in-repo population input; location of functions_review_6_100.R"
